Personne	Date	Taille échantillon	Période début	Période fin	Très favorable	Plutôt favorable	Total favorable	Plutôt défavorable	Très défavorable	Total défavorable	NSP
Emmanuel MACRON	22/07/20	1000	17/07/20	17/07/20	6	33.1	39.1	26.9	28.8	55.8	5.1
Jean CASTEX	22/07/20	1000	17/07/20	17/07/20	4.8	27.9	32.7	15.8	11.5	27.3	39.9
Edouard PHILIPPE	22/07/20	1000	17/07/20	17/07/20	16	39.9	55.9	19.9	15.1	35	9.1
Roselyne BACHELOT	22/07/20	1000	17/07/20	17/07/20	8.8	37.8	46.6	20.4	16.8	37.2	16.2
Nicolas HULOT	22/07/20	1000	17/07/20	17/07/20	9.8	36.5	46.3	21.3	19.4	40.7	13
Bruno LE MAIRE	22/07/20	1000	17/07/20	17/07/20	6	35.2	41.2	19.2	16.1	35.3	23.6
Olivier VERAN	22/07/20	1000	17/07/20	17/07/20	6.3	34	40.4	18.6	15	33.5	26.1
Nicolas SARKOZY	22/07/20	1000	17/07/20	17/07/20	7.6	32	39.6	27	25.4	52.4	7.9
Jack LANG	22/07/20	1000	17/07/20	17/07/20	7.2	32.2	39.4	20.9	19.7	40.6	20
Jean-Yves LE DRIAN	22/07/20	1000	17/07/20	17/07/20	5.1	28.9	34	20.3	13.7	34	32
Xavier BERTRAND	22/07/20	1000	17/07/20	17/07/20	5	29.4	34.4	22.1	13.8	35.9	29.6
Anne HIDALGO	22/07/20	1000	17/07/20	17/07/20	3.4	28.4	31.8	21.5	26.5	48	20.2
Jean-Michel BLANQUER	22/07/20	1000	17/07/20	17/07/20	4.3	27.1	31.3	24.9	17.2	42.1	26.5
Martine AUBRY	22/07/20	1000	17/07/20	17/07/20	3.5	28.1	31.6	25.4	24.3	49.7	18.7
François BAROIN	22/07/20	1000	17/07/20	17/07/20	6.4	22.8	29.2	24.8	14.4	39.1	31.7
Eric DUPOND-MORETTI	22/07/20	1000	17/07/20	17/07/20	4.5	23	27.5	20.4	23.2	43.5	28.9
Valérie PECRESSE	22/07/20	1000	17/07/20	17/07/20	2.6	25.2	27.8	26.5	18.5	45	27.2
François BAYROU	22/07/20	1000	17/07/20	17/07/20	2.6	25.2	27.8	32.7	21.3	54.1	18.2
Marine LE PEN	22/07/20	1000	17/07/20	17/07/20	10.2	18.4	28.6	15.8	46.9	62.7	8.7
Bernard CAZENEUVE	22/07/20	1000	17/07/20	17/07/20	3.6	23.4	27.1	26.7	18.5	45.2	27.7
Marion MARECHAL	22/07/20	1000	17/07/20	17/07/20	8.8	18	26.8	16.6	43.1	59.7	13.5
Christian ESTROSI	22/07/20	1000	17/07/20	17/07/20	2.5	22.2	24.7	25.3	19.1	44.5	30.8
François HOLLANDE	22/07/20	1000	17/07/20	17/07/20	3.5	21.8	25.3	32.8	32.3	65.1	9.6
Gérald DARMANIN	22/07/20	1000	17/07/20	17/07/20	2.7	21	23.8	21.9	27.3	49.2	27
Yannick JADOT	22/07/20	1000	17/07/20	17/07/20	3.6	18.8	22.5	21.8	15.4	37.2	40.3
Gérard LARCHER	22/07/20	1000	17/07/20	17/07/20	2.5	20.6	23.2	22.8	17	29.8	27.1
Marlène SCHIAPPA	22/07/20	1000	17/07/20	17/07/20	1.9	20.8	22.7	25.3	25.2	50.6	26.7
Nicolas DUPONT-AIGNAN	22/07/20	1000	17/07/20	17/07/20	3.9	18.5	22.4	24.5	32.8	57.4	20.2
Ségolène ROYAL	22/07/20	1000	17/07/20	17/07/20	2.9	18.9	21.8	33.1	32.7	65.8	12.4
Laurent WAUQUIEZ	22/07/20	1000	17/07/20	17/07/20	2.8	18.6	21.4	27.5	24.5	52	26.6
Jean-Luc MELENCHON	22/07/20	1000	17/07/20	17/07/20	3.9	17	20.9	21.6	46.3	67.9	11.2
François RUFFIN	22/07/20	1000	17/07/20	17/07/20	3.9	15.4	19.3	20.4	20.1	40.5	40.2
Christophe CASTANER	22/07/20	1000	17/07/20	17/07/20	1.7	16.2	17.9	29.2	36.5	65.7	16.4
Richard FERRAND	22/07/20	1000	17/07/20	17/07/20	1	16.3	17.2	19.8	21	40.8	43
Barbara POMPILI	22/07/20	1000	17/07/20	17/07/20	0.5	15.2	15.6	13.6	13.4	27	57.4
Eric CIOTTI	22/07/20	1000	17/07/20	17/07/20	1.7	13.8	15.6	21.9	21.7	43.6	40.9
Christian JACOB	22/07/20	1000	17/07/20	17/07/20	1.5	13.4	15	22.4	19	41.4	43.7
Olivier FAURE	22/07/20	1000	17/07/20	17/07/20	1	13.4	14.3	20.3	16.4	36.7	49
Bruno RETAILLEAU	22/07/20	1000	17/07/20	17/07/20	2.1	11.2	13.3	16.3	15.9	32.3	54.4
François-Xavier BELLAMY	22/07/20	1000	17/07/20	17/07/20	1.3	10.7	12	16.5	14.8	31.3	56.7
Guillaume PELTIER	22/07/20	1000	17/07/20	17/07/20	0.5	8.1	8.6	14.6	13	27.6	63.8
François BAYROU	22/07/20	1000	17/07/20	17/07/20	2.6	25.2	27.8	32.7	21.3	54.1	18.2
Emmanuel MACRON	14/10/20	1000	09/10/20	10/10/20	5.2	35	40.3	26.6	27.3	53.9	5.8
Jean CASTEX	14/10/20	1000	09/10/20	10/10/20	3.4	31.6	35	30.4	18.2	48.6	16.4
Martine AUBRY	14/10/20	1000	09/10/20	10/10/20	3	28.8	31.8	28.8	25	53.8	14.4
Roselyne BACHELOT	14/10/20	1000	09/10/20	10/10/20	5.4	39.5	44.9	27.2	14.4	41.6	13.5
François BAROIN	14/10/20	1000	09/10/20	10/10/20	4.5	23.9	28.4	28.4	15.8	44.2	27.4
François BAYROU	14/10/20	1000	09/10/20	10/10/20	2	21.8	23.8	35.3	25.7	61	15.2
François-Xavier BELLAMY	14/10/20	1000	09/10/20	10/10/20	0.7	9.9	10.6	21.8	16.4	38.2	51.2
Xavier BERTRAND	14/10/20	1000	09/10/20	10/10/20	5.5	26.3	31.7	28.8	13.9	42.7	25.6
Jean-Michel BLANQUER	14/10/20	1000	09/10/20	10/10/20	3.6	23.5	27.1	29.1	18.3	47.4	25.4
Christophe CASTANER	14/10/20	1000	09/10/20	10/10/20	1.8	17.8	19.7	31	34.3	65.3	15.1
Bernard CAZENEUVE	14/10/20	1000	09/10/20	10/10/20	2.7	22.2	24.9	31.7	18.6	50.3	24.7
Eric CIOTTI	14/10/20	1000	09/10/20	10/10/20	1.7	14.7	16.4	26.9	20.9	47.7	35.8
Gérald DARMANIN	14/10/20	1000	09/10/20	10/10/20	4.5	22.8	27.3	27.2	23.9	51.1	21.6
Eric DUPOND-MORETTI	14/10/20	1000	09/10/20	10/10/20	4	23.4	27.4	25.2	24.3	49.5	23.1
Nicolas DUPONT-AIGNAN	14/10/20	1000	09/10/20	10/10/20	2.7	18.9	21.6	24.5	35.3	59.8	18.6
Christian ESTROSI	14/10/20	1000	09/10/20	10/10/20	2.5	23.9	26.4	26.5	22.2	48.7	25
Olivier FAURE	14/10/20	1000	09/10/20	10/10/20	1.3	10.1	11.4	23.4	17.1	40.5	48.1
Richard FERRAND	14/10/20	1000	09/10/20	10/10/20	1.1	15	16.1	23.8	18.5	42.3	41.7
Anne HIDALGO	14/10/20	1000	09/10/20	10/10/20	3.3	26.2	29.6	29.7	25.2	54.8	15.6
François HOLLANDE	14/10/20	1000	09/10/20	10/10/20	1.4	20.6	22	34	35.6	69.6	8.4
Nicolas HULOT	14/10/20	1000	09/10/20	10/10/20	8.5	39.2	47.7	23.5	15.3	38.9	13.4
Yannick JADOT	14/10/20	1000	09/10/20	10/10/20	2.3	16.5	18.8	21.9	20.6	42.5	38.7
Christian JACOB	14/10/20	1000	09/10/20	10/10/20	1.4	12.9	14.3	26.6	16.7	43.3	42.4
Jack LANG	14/10/20	1000	09/10/20	10/10/20	5	32	37	25.4	19.3	44.7	18.3
Gérard LARCHER	14/10/20	1000	09/10/20	10/10/20	3.2	18	21.2	25.1	17.9	43	35.8
Jean-Yves LEDRIAN	14/10/20	1000	09/10/20	10/10/20	5.7	27.4	33.1	23.3	13.6	37	29.9
Bruno LEMAIRE	14/10/20	1000	09/10/20	10/10/20	6.2	29.6	35.8	26.7	16.4	43.1	21
Marine LEPEN	14/10/20	1000	09/10/20	10/10/20	9.3	18.3	27.6	17.7	47.2	64.9	7.5
Marion MARECHAL	14/10/20	1000	09/10/20	10/10/20	8.1	19.8	27.9	18.1	43	61.1	11
Jean-Luc MELENCHON	14/10/20	1000	09/10/20	10/10/20	4.6	16.5	21.1	23.9	45.7	69.5	9.3
Valérie PECRESSE	14/10/20	1000	09/10/20	10/10/20	4.7	25	29.7	27.1	20.6	47.7	22.6
Guillaume PELTIER	14/10/20	1000	09/10/20	10/10/20	0.9	6.7	7.6	19.4	10.5	29.9	62.6
Edouard PHILIPPE	14/10/20	1000	09/10/20	10/10/20	15.1	38.7	53.8	21.6	15.3	36.9	9.2
Barbara POMPILI	14/10/20	1000	09/10/20	10/10/20	1.3	12.6	13.9	23	16	39	47.1
Bruno RETAILLEAU	14/10/20	1000	09/10/20	10/10/20	1.1	9.6	10.7	19.2	16.7	35.9	53.3
Ségolène ROYAL	14/10/20	1000	09/10/20	10/10/20	2.2	18.8	21	34.4	32.1	66.5	12.4
François RUFFIN	14/10/20	1000	09/10/20	10/10/20	3.2	13.1	16.4	22.5	20.2	42.7	40.9
Nicolas SARKOZY	14/10/20	1000	09/10/20	10/10/20	8.2	29.5	37.7	26.6	26.6	53.2	9.1
Marlène SCHIAPPA	14/10/20	1000	09/10/20	10/10/20	2.9	22.6	25.5	24.5	26.9	51.4	23.1
Olivier VERAN	14/10/20	1000	09/10/20	10/10/20	5.6	29.8	35.4	28.5	14.5	43	21.6
Laurent WAUQUIEZ	14/10/20	1000	09/10/20	10/10/20	2.5	15	17.5	32.3	26.3	58.6	23.9
Olivier VERAN	14/10/20	1000	09/10/20	10/10/20	5.6	29.8	35.4	28.5	14.5	43	21.6
Laurent WAUQUIEZ	14/10/20	1000	09/10/20	10/10/20	2.5	15	17.5	32.3	26.3	58.6	23.9
Emmanuel MACRON	09/09/20	1000	04/09/20	05/09/20	5.5	34.1	39.6	26.8	28.9	55.6	4.8
Jean CASTEX	09/09/20	1000	04/09/20	05/09/20	4	32.9	37	23	18	41	22
Martine AUBRY	09/09/20	1000	04/09/20	05/09/20	4.1	26.8	30.9	26.6	26	52.6	16.5
Roselyne BACHELOT	09/09/20	1000	04/09/20	05/09/20	8.8	35.8	44.6	24.2	16.9	41.1	14.4
François BAROIN	09/09/20	1000	04/09/20	05/09/20	5.6	25	30.6	25.7	16.1	41.8	27.7
François BAYROU	09/09/20	1000	04/09/20	05/09/20	3	22.6	25.6	32.4	25.3	57.7	16.7
François-Xavier BELLAMY	09/09/20	1000	04/09/20	05/09/20	1	10.1	11.1	20.8	15.7	36.4	52.5
Xavier BERTRAND	09/09/20	1000	04/09/20	05/09/20	4.1	27	31.1	24.8	18	42.8	26.1
Jean-Michel BLANQUER	09/09/20	1000	04/09/20	05/09/20	4.2	26.5	30.7	26.2	19.1	45.3	24
Christophe CASTANER	09/09/20	1000	04/09/20	05/09/20	2.9	17.3	20.2	30.2	33.8	64.1	15.7
Bernard CAZENEUVE	09/09/20	1000	04/09/20	05/09/20	3.7	26.1	29.8	28	19.7	47.7	22.5
Eric CIOTTI	09/09/20	1000	04/09/20	05/09/20	2.4	11.7	14.1	22.5	24.3	46.9	39
Gérald DARMANIN	09/09/20	1000	04/09/20	05/09/20	2.7	24.7	27.4	25.9	24.2	50.1	22.5
Eric DUPOND-MORETTI	09/09/20	1000	04/09/20	05/09/20	5.1	22.4	27.5	25.7	25.3	51	21.5
Nicolas DUPONT-AIGNAN	09/09/20	1000	04/09/20	05/09/20	4.1	16.9	21	26.1	34.4	60.5	18.5
Christian ESTROSI	09/09/20	1000	04/09/20	05/09/20	2	21.4	23.4	27	23.8	50.8	25.8
Olivier FAURE	09/09/20	1000	04/09/20	05/09/20	2.2	11.9	14.1	23.6	15.5	39.1	46.8
Richard FERRAND	09/09/20	1000	04/09/20	05/09/20	0.6	16.7	17.3	21.8	23.3	45.1	37.5
Anne HIDALGO	09/09/20	1000	04/09/20	05/09/20	3.3	24.7	27.9	25.2	29	54.2	17.9
François HOLLANDE	09/09/20	1000	04/09/20	05/09/20	3.7	22.3	26	33.9	29.6	63.5	10.4
Nicolas HULOT	09/09/20	1000	04/09/20	05/09/20	11.6	36.7	48.3	21.6	17.8	39.4	12.3
Yannick JADOT	09/09/20	1000	04/09/20	05/09/20	4	15.6	19.5	20.1	19.4	39.5	41
Christian JACOB	09/09/20	1000	04/09/20	05/09/20	0.9	12.9	13.9	25.7	18.7	44.3	41.8
Jack LANG	09/09/20	1000	04/09/20	05/09/20	6	33.3	39.2	20.7	21.1	41.8	19
Gérard LARCHER	09/09/20	1000	04/09/20	05/09/20	2.3	19.6	21.9	24.4	17.7	42.1	36.1
Jean-Yves LEDRIAN	09/09/20	1000	04/09/20	05/09/20	6.4	28.4	34.9	22.9	15	37.9	27.2
Bruno LEMAIRE	09/09/20	1000	04/09/20	05/09/20	6.2	28.7	34.9	25.8	18	43.7	21.3
Marine LEPEN	09/09/20	1000	04/09/20	05/09/20	10.6	17.2	27.7	17	46.2	63.3	9
Marion MARECHAL	09/09/20	1000	04/09/20	05/09/20	10.1	16.8	27	18	43.9	61.9	11.1
Jean-Luc MELENCHON	09/09/20	1000	04/09/20	05/09/20	4.7	17.2	21.9	25	43.7	68.7	9.4
Valérie PECRESSE	09/09/20	1000	04/09/20	05/09/20	3	26.8	29.8	27	20.6	47.6	22.6
Guillaume PELTIER	09/09/20	1000	04/09/20	05/09/20	1.1	8.4	9.5	18	15.3	33.3	57.3
Edouard PHILIPPE	09/09/20	1000	04/09/20	05/09/20	13.3	40.7	53.9	20	17.3	37.3	8.8
Barbara POMPILI	09/09/20	1000	04/09/20	05/09/20	2.3	13	15.3	20.6	15.8	36.4	48.3
Bruno RETAILLEAU	09/09/20	1000	04/09/20	05/09/20	1.5	11	12.5	19.2	15.5	34.7	52.9
Ségolène ROYAL	09/09/20	1000	04/09/20	05/09/20	3.2	17	20.1	32.6	34.8	67.3	12.5
François RUFFIN	09/09/20	1000	04/09/20	05/09/20	5	14	18.9	20.6	22	42.7	38.4
Nicolas SARKOZY	09/09/20	1000	04/09/20	05/09/20	7.6	29.4	37	26.4	29.3	55.7	7.3
Marlène SCHIAPPA	09/09/20	1000	04/09/20	05/09/20	3.5	19.8	23.3	26.2	26.8	53	23.7
Olivier VERAN	09/09/20	1000	04/09/20	05/09/20	7.4	27.5	34.8	21.7	16.7	38.4	26.8
Laurent WAUQUIEZ	09/09/20	1000	04/09/20	05/09/20	2.5	18	20.5	29.1	26.9	56	23.5
Emmanuel MACRON	03/06/20	1013	29/05/20	30/05/20	8.2	30	38.1	28.5	30.3	58.9	3
Edouard PHILIPPE	03/06/20	1013	29/05/20	30/05/20	10.2	36.1	46.4	26.4	24	50.4	3.2
Martine AUBRY	03/06/20	1013	29/05/20	30/05/20	6.3	22.3	28.6	26.6	26.9	53.5	17.9
François BAROIN	03/06/20	1013	29/05/20	30/05/20	6	25.4	31.3	24.7	15.7	40.4	28.3
François BAYROU	03/06/20	1013	29/05/20	30/05/20	2.5	25.4	27.9	31.9	24	55.9	16.2
Xavier BERTRAND	03/06/20	1013	29/05/20	30/05/20	5.5	29.1	34.6	23.4	16.6	40	25.4
Jean-Michel BLANQUER	03/06/20	1013	29/05/20	30/05/20	4.4	23.3	27.7	27.2	21.9	49.1	23.2
Agnès BUZYN	03/06/20	1013	29/05/20	30/05/20	1.9	13.7	15.6	26.7	38.8	65.5	19
Christophe CASTANER	03/06/20	1013	29/05/20	30/05/20	3.2	21	24.1	25.6	37.8	63.3	12.5
Bernard CAZENEUVE	03/06/20	1013	29/05/20	30/05/20	4.6	20.6	25.2	27.6	20.7	48.3	26.5
Eric CIOTTI	03/06/20	1013	29/05/20	30/05/20	3	12.2	15.2	22.7	25.4	48.2	36.6
Gérald DARMANIN	03/06/20	1013	29/05/20	30/05/20	4.7	19.7	24.4	25.4	24.9	50.2	25.4
Nicolas DUPONT-AIGNAN	03/06/20	1013	29/05/20	30/05/20	4.9	18	23	24.2	36.6	60.8	16.3
Christian ESTROSI	03/06/20	1013	29/05/20	30/05/20	3.1	23.4	26.5	22.3	25.9	48.2	25.3
Olivier FAURE	03/06/20	1013	29/05/20	30/05/20	1.3	14.5	15.8	21.5	16.9	38.3	45.9
Anne HIDALGO	03/06/20	1013	29/05/20	30/05/20	3.4	26	29.4	25.8	29.9	55.6	15
François HOLLANDE	03/06/20	1013	29/05/20	30/05/20	3.5	22.2	25.6	32.8	34.9	67.8	6.6
Nicolas HULOT	03/06/20	1013	29/05/20	30/05/20	14	35.5	49.5	20.3	18.1	38.4	12.1
Yannick JADOT	03/06/20	1013	29/05/20	30/05/20	4.8	16.5	21.3	20.7	17.9	38.6	40.1
Christian JACOB	03/06/20	1013	29/05/20	30/05/20	2.4	16.2	18.6	25.4	17.5	42.8	38.6
Jack LANG	03/06/20	1013	29/05/20	30/05/20	5.9	32.9	38.8	23	20	43	18.2
Gérard LARCHER	03/06/20	1013	29/05/20	30/05/20	3	19.8	22.8	25.3	19.7	45.1	32.2
Jean-Yves LEDRIAN	03/06/20	1013	29/05/20	30/05/20	5.6	29.7	35.3	22.4	13.9	36.3	28.4
Bruno LEMAIRE	03/06/20	1013	29/05/20	30/05/20	7.1	28.7	35.8	24.4	20.6	45	19.2
Marine LEPEN	03/06/20	1013	29/05/20	30/05/20	7.9	19.7	27.6	17	49.4	66.4	6.1
Marion MARECHAL	03/06/20	1013	29/05/20	30/05/20	8.5	17.9	26.5	18	45.4	63.3	10.2
Jean-Luc MELENCHON	03/06/20	1013	29/05/20	30/05/20	6.4	17.3	23.6	25.1	43.3	68.4	8
Sibeth NDIAYE	03/06/20	1013	29/05/20	30/05/20	2	8.7	10.8	18.9	47.7	66.7	22.5
Valérie PECRESSE	03/06/20	1013	29/05/20	30/05/20	4.8	25.6	30.4	24.1	23.9	48	21.6
Guillaume PELTIER	03/06/20	1013	29/05/20	30/05/20	1.5	6.6	8.1	18.8	16.1	34.9	57
Muriel PENICAUD	03/06/20	1013	29/05/20	30/05/20	1.4	15.8	17.2	25.7	28.1	53.8	29
Bruno RETAILLEAU	03/06/20	1013	29/05/20	30/05/20	3	10.5	13.5	16.2	19.5	35.6	50.8
Ségolène ROYAL	03/06/20	1013	29/05/20	30/05/20	2.1	19.4	21.5	31.3	38	69.3	9.3
François RUFFIN	03/06/20	1013	29/05/20	30/05/20	8.5	14.4	22.9	20.4	22	42.4	34.7
Nicolas SARKOZY	03/06/20	1013	29/05/20	30/05/20	8.1	27.3	35.4	27.4	29.3	56.6	8
Marlène SCHIAPPA	03/06/20	1013	29/05/20	30/05/20	3.4	20.7	24.1	23	30.3	53.3	22.7
Olivier VERAN	03/06/20	1013	29/05/20	30/05/20	8.4	30.1	38.5	20.3	18.9	39.1	22.4
Cédric VILLANI	03/06/20	1013	29/05/20	30/05/20	3.1	18.9	22	25.6	17.2	42.7	35.2
Laurent WAUQUIEZ	03/06/20	1013	29/05/20	30/05/20	3.4	15.7	19.1	29.4	30.5	59.9	20.9
Emmanuel MACRON	29/04/20	1002	23/04/20	24/04/20	6.4	31.7	38.1	28.2	29.7	57.8	4.1
Edouard PHILIPPE	29/04/20	1002	23/04/20	24/04/20	7.1	33.6	40.7	26.5	27.5	54	5.2
Martine AUBRY	29/04/20	1002	23/04/20	24/04/20	3.9	28.2	32.1	25.7	24.4	50.2	17.7
François BAROIN	29/04/20	1002	23/04/20	24/04/20	6.5	22.1	28.6	25.3	15.7	40.9	30.5
François BAYROU	29/04/20	1002	23/04/20	24/04/20	1.4	24.3	25.7	35.4	22.1	57.5	16.7
Xavier BERTRAND	29/04/20	1002	23/04/20	24/04/20	4.9	27.2	32.1	26.8	14.4	41.2	26.7
Jean-Michel BLANQUER	29/04/20	1002	23/04/20	24/04/20	3.7	23	26.7	26.5	22.6	49.2	24.1
Agnès BUZYN	29/04/20	1002	23/04/20	24/04/20	1.3	13.9	15.3	26.9	36.5	63.4	21.3
Christophe CASTANER	29/04/20	1002	23/04/20	24/04/20	2.6	23.2	25.8	25.1	34.6	59.7	14.6
Bernard CAZENEUVE	29/04/20	1002	23/04/20	24/04/20	4.1	23.1	27.2	26.8	20.9	47.6	25.2
Eric CIOTTI	29/04/20	1002	23/04/20	24/04/20	1.8	13.3	15.1	23.2	22	45.1	39.8
Gérald DARMANIN	29/04/20	1002	23/04/20	24/04/20	2.5	19.6	22.2	25.2	22.9	48.1	29.7
Nicolas DUPONT-AIGNAN	29/04/20	1002	23/04/20	24/04/20	2.8	16.9	19.8	25.9	35.4	61.3	19
Christian ESTROSI	29/04/20	1002	23/04/20	24/04/20	5	22.5	27.5	25.2	21.6	46.7	25.8
Olivier FAURE	29/04/20	1002	23/04/20	24/04/20	1	11.5	12.5	22.8	14.4	37.2	50.3
Anne HIDALGO	29/04/20	1002	23/04/20	24/04/20	3.4	23.7	27.1	28.3	26.7	54.9	18
François HOLLANDE	29/04/20	1002	23/04/20	24/04/20	2.3	22.2	24.5	32.1	33.5	65.6	9.9
Nicolas HULOT	29/04/20	1002	23/04/20	24/04/20	11.9	38.7	50.5	21.8	15.2	37	12.5
Yannick JADOT	29/04/20	1002	23/04/20	24/04/20	2.5	18	20.5	17.8	16.5	34.3	45.3
Christian JACOB	29/04/20	1002	23/04/20	24/04/20	1.5	16.3	17.8	21.7	17.3	39	43.2
Jack LANG	29/04/20	1002	23/04/20	24/04/20	5	31.9	36.9	23.7	18	41.7	21.4
Gérard LARCHER	29/04/20	1002	23/04/20	24/04/20	2.1	17.8	19.8	24.2	17.6	41.8	38.4
Jean-Yves LEDRIAN	29/04/20	1002	23/04/20	24/04/20	5.3	27.5	32.8	23	12.4	35.4	31.8
Bruno LEMAIRE	29/04/20	1002	23/04/20	24/04/20	4	29.1	33.1	26.8	20.5	47.4	19.6
Marine LEPEN	29/04/20	1002	23/04/20	24/04/20	9.2	19.6	28.8	15.7	47.2	62.9	8.3
Marion MARECHAL	29/04/20	1002	23/04/20	24/04/20	8.1	15.8	23.9	17.3	46.2	63.5	12.6
Jean-Luc MELENCHON	29/04/20	1002	23/04/20	24/04/20	4.3	18.7	22.9	24.2	43.8	68	9.1
Sibeth NDIAYE	29/04/20	1002	23/04/20	24/04/20	1.3	10.8	12.1	20.8	42.4	63.2	24.7
Valérie PECRESSE	29/04/20	1002	23/04/20	24/04/20	4	25.4	29.4	24.2	21	45.2	25.4
Muriel PENICAUD	29/04/20	1002	23/04/20	24/04/20	1.2	12.1	13.3	23.8	27.7	51.4	35.2
Bruno RETAILLEAU	29/04/20	1002	23/04/20	24/04/20	1.9	10.7	12.6	17.6	15.3	32.9	54.5
Ségolène ROYAL	29/04/20	1002	23/04/20	24/04/20	2.9	19.9	22.9	32	32.6	64.6	12.5
François RUFFIN	29/04/20	1002	23/04/20	24/04/20	4.2	16	20.3	21.2	19.4	40.5	39.2
Jérôme SALOMON	29/04/20	1002	23/04/20	24/04/20	4	22.1	26.1	19.7	15.4	35.2	38.7
Nicolas SARKOZY	29/04/20	1002	23/04/20	24/04/20	7.3	27.6	34.9	28.1	27.4	55.5	9.6
Marlène SCHIAPPA	29/04/20	1002	23/04/20	24/04/20	2.1	19.5	21.6	20.3	31.6	52	26.4
Olivier VERAN	29/04/20	1002	23/04/20	24/04/20	6.4	27.9	34.4	20.6	17.1	37.7	28
Cédric VILLANI	29/04/20	1002	23/04/20	24/04/20	1.6	13.9	15.5	25.4	19.8	45.2	39.3
Laurent WAUQUIEZ	29/04/20	1002	23/04/20	24/04/20	3	17.5	20.4	28.1	27.5	55.6	24
Emmanuel MACRON	25/03/20	1000	20/03/20	21/03/20	6.8	37.4	44.2	27.4	23.3	50.7	5.1
Edouard PHILIPPE	25/03/20	1000	20/03/20	21/03/20	5.8	36	41.9	26	25.7	51.7	6.4
Martine AUBRY	25/03/20	1000	20/03/20	21/03/20	3.4	28.8	32.2	28.3	23.8	52.2	15.6
François BAROIN	25/03/20	1000	20/03/20	21/03/20	4	26.3	30.3	25.6	15.2	40.8	28.9
François BAYROU	25/03/20	1000	20/03/20	21/03/20	1.7	23.6	25.4	36.3	23.8	60	14.6
Xavier BERTRAND	25/03/20	1000	20/03/20	21/03/20	3.8	31.5	35.3	24.8	14.6	39.4	25.3
Jean-Michel BLANQUER	25/03/20	1000	20/03/20	21/03/20	4.2	24.9	29.1	27.2	17.8	45	25.8
Agnès BUZYN	25/03/20	1000	20/03/20	21/03/20	1.3	18.7	20.1	29.8	32.6	62.4	17.6
Christophe CASTANER	25/03/20	1000	20/03/20	21/03/20	2.9	26.1	29	26.8	32.4	59.2	11.8
Bernard CAZENEUVE	25/03/20	1000	20/03/20	21/03/20	4	24.4	28.4	28.5	19.6	48.1	23.5
Eric CIOTTI	25/03/20	1000	20/03/20	21/03/20	1.7	13	14.6	25.4	21.5	46.9	38.5
Gérard COLLOMB	25/03/20	1000	20/03/20	21/03/20	1.5	17.4	18.9	33.8	19.5	53.3	27.9
Gérald DARMANIN	25/03/20	1000	20/03/20	21/03/20	1.6	21.9	23.5	26.9	20.6	47.5	29
Nicolas DUPONT-AIGNAN	25/03/20	1000	20/03/20	21/03/20	2.2	17.2	19.4	28.2	35.2	63.4	17.2
Christian ESTROSI	25/03/20	1000	20/03/20	21/03/20	2.6	24.7	27.2	24.5	21.5	46	26.8
Olivier FAURE	25/03/20	1000	20/03/20	21/03/20	1.3	13.9	15.2	23.2	16.6	39.8	44.9
Benjamin GRIVEAUX	25/03/20	1000	20/03/20	21/03/20	1.5	11	12.5	26.9	33.8	60.7	26.8
Benoît HAMON	25/03/20	1000	20/03/20	21/03/20	3.9	19.2	23.1	30.6	26.8	57.4	19.5
Anne HIDALGO	25/03/20	1000	20/03/20	21/03/20	2.4	30	32.4	26.8	27	53.7	13.9
François HOLLANDE	25/03/20	1000	20/03/20	21/03/20	2.9	19.9	22.8	35.4	33.7	69.1	8
Nicolas HULOT	25/03/20	1000	20/03/20	21/03/20	13.3	40.2	53.5	20.8	15.2	36	10.5
Yannick JADOT	25/03/20	1000	20/03/20	21/03/20	3.1	22.1	25.3	20.4	14.2	34.6	40.1
Christian JACOB	25/03/20	1000	20/03/20	21/03/20	2.2	13.1	15.4	26.7	18.6	45.3	39.3
Jack LANG	25/03/20	1000	20/03/20	21/03/20	5.5	35.1	40.6	21.5	20.2	41.7	17.8
Gérard LARCHER	25/03/20	1000	20/03/20	21/03/20	1.6	21.4	23	27	18.2	45.2	31.8
Jean-Yves LEDRIAN	25/03/20	1000	20/03/20	21/03/20	7.6	31.1	38.6	20.8	11.8	32.7	28.7
Bruno LEMAIRE	25/03/20	1000	20/03/20	21/03/20	3.5	31.1	34.7	28.3	17.1	45.3	20
Marine LEPEN	25/03/20	1000	20/03/20	21/03/20	8.4	19.4	27.8	16.4	48.5	64.8	7.4
Marion MARECHAL	25/03/20	1000	20/03/20	21/03/20	6.4	18.4	24.9	18.6	46	64.6	10.5
Jean-Luc MELENCHON	25/03/20	1000	20/03/20	21/03/20	5	17.3	22.3	28.2	40.8	69	8.7
Valérie PECRESSE	25/03/20	1000	20/03/20	21/03/20	2.6	22.2	24.9	30	22.6	52.6	22.6
Muriel PENICAUD	25/03/20	1000	20/03/20	21/03/20	1	15.7	16.8	26.3	24.9	51.2	32
Bruno RETAILLEAU	25/03/20	1000	20/03/20	21/03/20	1.8	13.3	15.1	22.1	12	34.1	50.8
Ségolène ROYAL	25/03/20	1000	20/03/20	21/03/20	3.2	17.4	20.6	30.9	39.2	70	9.3
François RUFFIN	25/03/20	1000	20/03/20	21/03/20	5.1	15	20.1	23.1	21	44.1	35.8
Nicolas SARKOZY	25/03/20	1000	20/03/20	21/03/20	7.1	29.9	37.1	29.4	25.2	54.6	8.3
Marlène SCHIAPPA	25/03/20	1000	20/03/20	21/03/20	3.1	20.6	23.7	24.5	29.1	53.6	22.7
Olivier VERAN	25/03/20	1000	20/03/20	21/03/20	6.8	25.1	31.9	16.8	12.5	29.3	38.8
Cédric VILLANI	25/03/20	1000	20/03/20	21/03/20	2.5	17.4	19.9	24.7	17.5	42.1	38
Laurent WAUQUIEZ	25/03/20	1000	20/03/20	21/03/20	2.7	15.2	17.9	32	27.9	59.9	22.2
